class,Max_Ecio,Min_Ecio,Std_Ecio,Max_Rscp,Std_Rscp
no,-25.000000,-25.000000, 0.000000,-77.000000, 2.451905
no,-25.000000,-25.000000, 0.000000,-77.000000, 1.936046
no,-25.000000,-25.000000, 0.000000,-78.000000, 1.788854
no,-25.000000,-25.000000, 0.000000,-80.000000, 0.000000
no,-25.000000,-25.000000, 0.000000,-80.000000, 0.000000
no,-25.000000,-25.000000, 0.000000,-75.000000, 2.670407
no,-25.000000,-25.000000, 0.000000,-75.000000, 2.670407
no,-25.000000,-25.000000, 0.000000,-80.000000, 1.197424
no,-25.000000,-25.000000, 0.000000,-80.000000, 1.653552
no,-25.000000,-25.000000, 0.000000,-80.000000, 2.076090
no,-25.000000,-25.000000, 0.000000,-78.000000, 2.239855
no,-25.000000,-25.000000, 0.000000,-78.000000, 2.211467
no,-25.000000,-25.000000, 0.000000,-78.000000, 2.061048
no,-25.000000,-25.000000, 0.000000,-79.000000, 2.012143
no,-25.000000,-25.000000, 0.000000,-79.000000, 2.003596
no,-25.000000,-25.000000, 0.000000,-79.000000, 1.945234
no,-25.000000,-25.000000, 0.000000,-79.000000, 1.773869
no,-25.000000,-25.000000, 0.000000,-79.000000, 1.699452
no,-25.000000,-25.000000, 0.000000,-78.000000, 2.141532
no,-25.000000,-25.000000, 0.000000,-78.000000, 2.463920
no,-25.000000,-25.000000, 0.000000,-78.000000, 2.330019
no,-23.000000,-25.000000, 0.260378,-80.000000, 2.158127
no,-23.000000,-25.000000, 0.314281,-81.000000, 1.941126
no,-23.000000,-25.000000, 0.334039,-81.000000, 1.799168
no,-24.000000,-25.000000, 0.219784,-81.000000, 1.810515
no,-24.000000,-25.000000, 0.141421,-82.000000, 1.752549
no,-25.000000,-25.000000, 0.000000,-82.000000, 2.221228
no,-23.000000,-25.000000, 0.324443,-82.000000, 2.247964
no,-23.000000,-25.000000, 0.294884,-82.000000, 1.977286
no,-23.000000,-25.000000, 0.277350,-82.000000, 1.878974
no,-25.000000,-25.000000, 0.000000,-80.000000, 1.775058
no,-23.000000,-25.000000, 0.272166,-80.000000, 1.720209
no,-23.000000,-25.000000, 0.260378,-80.000000, 1.674228
no,-21.000000,-25.000000, 0.783002,-79.000000, 1.761329
no,-21.000000,-25.000000, 0.746314,-79.000000, 2.108816
no,-21.000000,-25.000000, 0.830900,-79.000000, 2.179190
no,-22.000000,-25.000000, 0.454158,-80.000000, 1.996226
no,-22.000000,-25.000000, 0.454158,-80.000000, 1.887883
no,-20.000000,-25.000000, 0.847986,-82.000000, 1.742902
no,-20.000000,-25.000000, 0.841065,-82.000000, 1.848729
no,-20.000000,-25.000000, 0.841065,-82.000000, 1.730199
no,-25.000000,-25.000000, 0.000000,-84.000000, 1.513514
no,-24.000000,-25.000000, 0.184059,-83.000000, 1.691586
no,-24.000000,-25.000000, 0.184059,-83.000000, 1.707958
no,-21.000000,-25.000000, 0.670211,-83.000000, 1.734058
no,-21.000000,-25.000000, 0.674223,-83.000000, 1.550569
no,-20.000000,-25.000000, 1.128255,-82.000000, 1.940659
no,-20.000000,-25.000000, 0.918906,-82.000000, 1.887346
no,-20.000000,-25.000000, 0.901925,-82.000000, 1.861899
no,-23.000000,-25.000000, 0.480995,-85.000000, 1.541424
no,-21.000000,-25.000000, 0.733385,-85.000000, 1.584797
no,-21.000000,-25.000000, 0.697858,-85.000000, 1.445820
no,-21.000000,-25.000000, 0.610640,-84.000000, 1.443662
no,-24.000000,-25.000000, 0.130189,-84.000000, 1.489492
no,-24.000000,-25.000000, 0.130189,-84.000000, 1.402594
no,-24.000000,-25.000000, 0.131306,-84.000000, 1.379239
no,-22.000000,-25.000000, 0.416604,-85.000000, 1.777752
no,-22.000000,-25.000000, 0.420266,-85.000000, 1.831808
no,-22.000000,-25.000000, 0.397360,-84.000000, 2.062616
no,-22.000000,-25.000000, 0.430605,-83.000000, 1.707338
no,-22.000000,-25.000000, 0.494269,-83.000000, 1.838290
no,-22.000000,-25.000000, 0.721737,-83.000000, 1.556470
no,-22.000000,-25.000000, 0.615249,-84.000000, 1.620490
no,-22.000000,-25.000000, 0.566484,-83.000000, 1.735635
no,-24.000000,-25.000000, 0.181020,-83.000000, 1.662141
no,-24.000000,-25.000000, 0.253555,-83.000000, 1.805084
no,-24.000000,-25.000000, 0.255609,-85.000000, 1.373855
no,-24.000000,-25.000000, 0.255609,-87.000000, 1.340536
no,-24.000000,-25.000000, 0.138675,-86.000000, 1.534422
no,-24.000000,-25.000000, 0.145865,-86.000000, 1.731249
no,-23.000000,-25.000000, 0.448040,-86.000000, 1.597581
no,-23.000000,-25.000000, 0.423374,-86.000000, 1.505192
no,-22.000000,-25.000000, 0.669082,-85.000000, 1.300682
no,-22.000000,-25.000000, 0.564368,-85.000000, 1.399270
no,-22.000000,-25.000000, 0.689319,-85.000000, 1.565630
no,-22.000000,-25.000000, 0.473542,-85.000000, 1.741357
no,-22.000000,-25.000000, 0.560612,-86.000000, 1.761132
no,-24.000000,-25.000000, 0.166667,-86.000000, 1.675927
no,-20.000000,-25.000000, 0.851827,-86.000000, 1.394676
no,-20.000000,-25.000000, 0.728804,-86.000000, 1.558304
no,-20.000000,-25.000000, 1.076555,-85.000000, 1.875431
no,-20.000000,-25.000000, 0.840250,-85.000000, 1.770431
no,-20.000000,-25.000000, 0.826811,-85.000000, 1.794530
no,-23.000000,-25.000000, 0.258199,-86.000000, 1.299609
no,-22.000000,-25.000000, 0.632456,-86.000000, 1.243628
no,-22.000000,-25.000000, 0.632456,-87.000000, 1.571641
no,-22.000000,-25.000000, 0.617777,-86.000000, 1.822484
no,-23.000000,-25.000000, 0.354152,-86.000000, 1.886317
no,-23.000000,-25.000000, 0.372425,-86.000000, 1.556016
no,-22.000000,-25.000000, 0.542711,-86.000000, 1.475853
no,-22.000000,-25.000000, 0.476570,-86.000000, 1.673573
no,-21.000000,-25.000000, 0.770707,-87.000000, 1.525556
no,-21.000000,-25.000000, 0.650076,-86.000000, 1.965809
no,-21.000000,-25.000000, 0.668078,-86.000000, 1.926327
no,-24.000000,-25.000000, 0.229184,-86.000000, 1.950050
no,-22.000000,-25.000000, 0.449964,-86.000000, 1.562905
no,-22.000000,-25.000000, 0.412082,-86.000000, 1.445929
no,-22.000000,-25.000000, 0.393919,-85.000000, 1.655802
no,-25.000000,-25.000000, 0.000000,-85.000000, 1.400565
no,-25.000000,-25.000000, 0.000000,-85.000000, 1.430499
no,-25.000000,-25.000000, 0.000000,-86.000000, 1.268454
no,-25.000000,-25.000000, 0.000000,-86.000000, 1.501343
no,-25.000000,-25.000000, 0.000000,-85.000000, 1.976529
no,-25.000000,-25.000000, 0.000000,-85.000000, 1.862204
no,-25.000000,-25.000000, 0.000000,-85.000000, 1.592116
no,-25.000000,-25.000000, 0.000000,-84.000000, 1.457011
no,-25.000000,-25.000000, 0.000000,-84.000000, 1.299357
no,-25.000000,-25.000000, 0.000000,-84.000000, 1.399325
no,-25.000000,-25.000000, 0.000000,-84.000000, 1.105013
no,-25.000000,-25.000000, 0.000000,-85.000000, 1.525173
no,-25.000000,-25.000000, 0.000000,-85.000000, 1.497179
no,-25.000000,-25.000000, 0.000000,-85.000000, 1.527155
no,-25.000000,-25.000000, 0.000000,-82.000000, 1.794530
no,-25.000000,-25.000000, 0.000000,-82.000000, 1.886986
no,-25.000000,-25.000000, 0.000000,-82.000000, 2.108750
no,-25.000000,-25.000000, 0.000000,-84.000000, 2.061553
no,-25.000000,-25.000000, 0.000000,-83.000000, 1.778359
no,-25.000000,-25.000000, 0.000000,-83.000000, 1.844739
no,-25.000000,-25.000000, 0.000000,-83.000000, 1.718214
no,-25.000000,-25.000000, 0.000000,-84.000000, 1.655417
no,-25.000000,-25.000000, 0.000000,-84.000000, 1.369915
no,-25.000000,-25.000000, 0.000000,-84.000000, 1.173788
no,-25.000000,-25.000000, 0.000000,-78.000000, 3.379804
no,-25.000000,-25.000000, 0.000000,-78.000000, 2.591872
no,-25.000000,-25.000000, 0.000000,-78.000000, 2.365439
no,-25.000000,-25.000000, 0.000000,-79.000000, 2.327191
no,-25.000000,-25.000000, 0.000000,-79.000000, 2.515469
no,-25.000000,-25.000000, 0.000000,-83.000000, 2.303843
no,-25.000000,-25.000000, 0.000000,-82.000000, 1.643168
no,-25.000000,-25.000000, 0.000000,-79.000000, 2.441311
no,-25.000000,-25.000000, 0.000000,-78.000000, 2.596719
yes,-25.000000,-25.000000, 0.000000,-78.000000, 2.622955
yes,-25.000000,-25.000000, 0.000000,-75.000000, 2.499798
yes,-25.000000,-25.000000, 0.000000,-75.000000, 2.161802
yes,-25.000000,-25.000000, 0.000000,-75.000000, 2.164056
no,-25.000000,-25.000000, 0.000000,-80.000000, 1.903685
no,-25.000000,-25.000000, 0.000000,-76.000000, 2.686960
yes,-25.000000,-25.000000, 0.000000,-76.000000, 2.698665
yes,-25.000000,-25.000000, 0.000000,-76.000000, 2.608428
yes,-25.000000,-25.000000, 0.000000,-77.000000, 2.503958
yes,-25.000000,-25.000000, 0.000000,-77.000000, 2.613695
no,-25.000000,-25.000000, 0.000000,-77.000000, 2.436896
yes,-25.000000,-25.000000, 0.000000,-79.000000, 1.032796
yes,-25.000000,-25.000000, 0.000000,-79.000000, 2.396579
yes,-25.000000,-25.000000, 0.000000,-77.000000, 3.603975
yes,-25.000000,-25.000000, 0.000000,-77.000000, 3.131724
yes,-25.000000,-25.000000, 0.000000,-77.000000, 3.117037
no,-25.000000,-25.000000, 0.000000,-80.000000, 2.190890
yes,-25.000000,-25.000000, 0.000000,-79.000000, 2.579456
yes,-25.000000,-25.000000, 0.000000,-79.000000, 2.131584
yes,-25.000000,-25.000000, 0.000000,-75.000000, 2.449128
yes,-25.000000,-25.000000, 0.000000,-75.000000, 2.313007
yes,-25.000000,-25.000000, 0.000000,-75.000000, 2.301614
yes,-25.000000,-25.000000, 0.000000,-77.000000, 1.997353
yes,-25.000000,-25.000000, 0.000000,-80.000000, 0.927961
no,-25.000000,-25.000000, 0.000000,-75.000000, 2.394438
no,-25.000000,-25.000000, 0.000000,-75.000000, 2.694620
no,-25.000000,-25.000000, 0.000000,-75.000000, 2.424626
no,-25.000000,-25.000000, 0.000000,-74.000000, 2.750071
no,-25.000000,-25.000000, 0.000000,-74.000000, 2.592324
yes,-25.000000,-25.000000, 0.000000,-66.000000, 4.758366
yes,-25.000000,-25.000000, 0.000000,-66.000000, 3.933660
yes,-25.000000,-25.000000, 0.000000,-66.000000, 3.729479
yes,-25.000000,-25.000000, 0.000000,-69.000000, 2.841098
yes,-25.000000,-25.000000, 0.000000,-69.000000, 2.619400
yes,-25.000000,-25.000000, 0.000000,-69.000000, 2.644945
yes,-25.000000,-25.000000, 0.000000,-70.000000, 2.306179
yes,-25.000000,-25.000000, 0.000000,-68.000000, 3.048983
yes,-25.000000,-25.000000, 0.000000,-66.000000, 3.555913
yes,-25.000000,-25.000000, 0.000000,-66.000000, 3.714609
yes,-25.000000,-25.000000, 0.000000,-66.000000, 1.175139
yes,-25.000000,-25.000000, 0.000000,-70.000000, 2.668749
yes,-25.000000,-25.000000, 0.000000,-68.000000, 3.504513
yes,-25.000000,-25.000000, 0.000000,-68.000000, 3.354193
yes,-25.000000,-25.000000, 0.000000,-68.000000, 3.604924
no,-25.000000,-25.000000, 0.000000,-70.000000, 3.535076
no,-25.000000,-25.000000, 0.000000,-67.000000, 3.872268
yes,-25.000000,-25.000000, 0.000000,-67.000000, 3.624661
yes,-25.000000,-25.000000, 0.000000,-75.000000, 2.368606
yes,-25.000000,-25.000000, 0.000000,-74.000000, 2.190616
yes,-25.000000,-25.000000, 0.000000,-74.000000, 19.265068
yes,-25.000000,-25.000000, 0.000000,-74.000000, 20.791873
no,-25.000000,-25.000000, 0.000000,-74.000000, 20.097066
no,-25.000000,-25.000000, 0.000000,-75.000000, 19.803437
yes,-25.000000,-25.000000, 0.000000,-69.000000, 3.511134
yes,-25.000000,-25.000000, 0.000000,-69.000000, 3.276476
yes,-25.000000,-25.000000, 0.000000,-69.000000, 4.188468
yes,-25.000000,-25.000000, 0.000000,-70.000000, 3.826757
yes,-25.000000,-25.000000, 0.000000,-71.000000, 3.526494
yes,-25.000000,-25.000000, 0.000000,-71.000000, 2.828189
no,-25.000000,-25.000000, 0.000000,-71.000000, 2.715037
no,-25.000000,-25.000000, 0.000000,-70.000000, 3.381346
no,-25.000000,-25.000000, 0.000000,-70.000000, 2.698947
no,-25.000000,-25.000000, 0.000000,-70.000000, 3.186329
no,-25.000000,-25.000000, 0.000000,-74.000000, 3.145214
no,-25.000000,-25.000000, 0.000000,-76.000000, 2.679141
no,-25.000000,-25.000000, 0.000000,-75.000000, 2.669155
no,-25.000000,-25.000000, 0.000000,-75.000000, 2.292468
no,-25.000000,-25.000000, 0.000000,-73.000000, 3.465705
yes,-25.000000,-25.000000, 0.000000,-73.000000, 3.104249
yes,-25.000000,-25.000000, 0.000000,-73.000000, 2.596198
yes,-25.000000,-25.000000, 0.000000,-74.000000, 2.610827
no,-25.000000,-25.000000, 0.000000,-74.000000, 2.579505
yes,-25.000000,-25.000000, 0.000000,-74.000000, 2.995616
yes,-25.000000,-25.000000, 0.000000,-74.000000, 2.973069
yes,-25.000000,-25.000000, 0.000000,-74.000000, 3.187314
yes,-25.000000,-25.000000, 0.000000,-75.000000, 2.756958
yes,-25.000000,-25.000000, 0.000000,-75.000000, 2.751962
no,-25.000000,-25.000000, 0.000000,-75.000000, 2.281347
no,-25.000000,-25.000000, 0.000000,-75.000000, 2.382717
no,-25.000000,-25.000000, 0.000000,-77.000000, 2.075366
no,-25.000000,-25.000000, 0.000000,-77.000000, 2.303865
yes,-25.000000,-25.000000, 0.000000,-77.000000, 2.219880
yes,-25.000000,-25.000000, 0.000000,-79.000000, 2.076588
yes,-25.000000,-25.000000, 0.000000,-80.000000, 2.037699
yes,-25.000000,-25.000000, 0.000000,-77.000000, 2.344584
yes,-25.000000,-25.000000, 0.000000,-77.000000, 2.070000
no,-25.000000,-25.000000, 0.000000,-77.000000, 2.353772
no,-25.000000,-25.000000, 0.000000,-78.000000, 2.419028
no,-25.000000,-25.000000, 0.000000,-78.000000, 2.473532
no,-25.000000,-25.000000, 0.000000,-80.000000, 1.842098
no,-25.000000,-25.000000, 0.000000,-80.000000, 1.822692
no,-25.000000,-25.000000, 0.000000,-80.000000, 1.951911
yes,-25.000000,-25.000000, 0.000000,-78.000000, 2.001746
yes,-25.000000,-25.000000, 0.000000,-78.000000, 1.999651
no,-25.000000,-25.000000, 0.000000,-78.000000, 3.195325
no,-25.000000,-25.000000, 0.000000,-78.000000, 2.711088
no,-25.000000,-25.000000, 0.000000,-81.000000, 1.970435
no,-25.000000,-25.000000, 0.000000,-82.000000, 1.937881
no,-25.000000,-25.000000, 0.000000,-79.000000, 2.381074
yes,-25.000000,-25.000000, 0.000000,-79.000000, 2.171675
yes,-25.000000,-25.000000, 0.000000,-79.000000, 2.256987
yes,-25.000000,-25.000000, 0.000000,-80.000000, 2.294922
yes,-25.000000,-25.000000, 0.000000,-80.000000, 2.442034
no,-25.000000,-25.000000, 0.000000,-80.000000, 2.653955
no,-25.000000,-25.000000, 0.000000,-81.000000, 1.398412
no,-25.000000,-25.000000, 0.000000,-82.000000, 1.294366
no,-25.000000,-25.000000, 0.000000,-82.000000, 1.371201
no,-25.000000,-25.000000, 0.000000,-82.000000, 1.338162
no,-25.000000,-25.000000, 0.000000,-82.000000, 1.539042
no,-25.000000,-25.000000, 0.000000,-82.000000, 1.680158
no,-25.000000,-25.000000, 0.000000,-81.000000, 1.881466
no,-25.000000,-25.000000, 0.000000,-81.000000, 1.639660
no,-25.000000,-25.000000, 0.000000,-81.000000, 1.760517
no,-25.000000,-25.000000, 0.000000,-79.000000, 1.834400
no,-25.000000,-25.000000, 0.000000,-79.000000, 2.140178
no,-25.000000,-25.000000, 0.000000,-79.000000, 2.280103
no,-25.000000,-25.000000, 0.000000,-81.000000, 2.102998
no,-25.000000,-25.000000, 0.000000,-83.000000, 1.654987
no,-25.000000,-25.000000, 0.000000,-83.000000, 1.729575
no,-25.000000,-25.000000, 0.000000,-82.000000, 1.623244
no,-25.000000,-25.000000, 0.000000,-82.000000, 1.742786
no,-25.000000,-25.000000, 0.000000,-82.000000, 1.821588
no,-25.000000,-25.000000, 0.000000,-82.000000, 1.759791
no,-22.000000,-25.000000, 0.761387,-83.000000, 1.444003
no,-19.000000,-25.000000, 1.401951,-80.000000, 2.097832
no,-19.000000,-25.000000, 1.261041,-80.000000, 2.013271
no,-19.000000,-25.000000, 1.295254,-80.000000, 2.314960
no,-19.000000,-25.000000, 1.248029,-82.000000, 2.024596
no,-18.000000,-25.000000, 1.562130,-80.000000, 2.357393
no,-18.000000,-25.000000, 1.778765,-80.000000, 2.356629
no,-18.000000,-25.000000, 1.568751,-80.000000, 2.288877
no,-18.000000,-25.000000, 1.311335,-81.000000, 1.953482
no,-18.000000,-25.000000, 1.365433,-82.000000, 1.904193
no,-17.000000,-25.000000, 2.054773,-82.000000, 2.235807
no,-15.000000,-25.000000, 2.503466,-80.000000, 2.650583
no,-15.000000,-25.000000, 2.531685,-80.000000, 2.460188
no,-15.000000,-25.000000, 2.157680,-80.000000, 2.163118
yes,-23.000000,-25.000000, 0.589742,-82.000000, 1.954679
yes,-20.000000,-25.000000, 1.593052,-82.000000, 1.915439
yes,-18.000000,-25.000000, 2.128972,-81.000000, 2.312919
yes,-18.000000,-25.000000, 2.152239,-81.000000, 2.433500
no,-18.000000,-25.000000, 2.144576,-81.000000, 2.590581
no,-19.000000,-25.000000, 1.594330,-85.000000, 1.985015
no,-19.000000,-25.000000, 1.427812,-85.000000, 1.822564
no,-18.000000,-25.000000, 2.112684,-84.000000, 1.937589
no,-18.000000,-25.000000, 2.060839,-84.000000, 2.338426
no,-18.000000,-25.000000, 1.980425,-84.000000, 2.493317
no,-20.000000,-25.000000, 1.419847,-84.000000, 2.339166
no,-21.000000,-25.000000, 1.088300,-83.000000, 2.411464
yes,-21.000000,-25.000000, 0.817533,-83.000000, 2.115325
yes,-22.000000,-25.000000, 0.594936,-83.000000, 2.209898
no,-17.000000,-25.000000, 1.651845,-82.000000, 2.241093
no,-17.000000,-25.000000, 2.325632,-82.000000, 2.495860
no,-17.000000,-25.000000, 2.312123,-82.000000, 2.559972
yes,-18.000000,-25.000000, 1.970172,-83.000000, 2.204461
yes,-21.000000,-25.000000, 1.069647,-86.000000, 1.693921
no,-21.000000,-25.000000, 1.325652,-86.000000, 1.495090
no,-25.000000,-25.000000, 0.000000,-74.000000, 2.190616
no,-22.000000,-25.000000, 0.801784,-87.000000, 1.283881
no,-22.000000,-25.000000, 0.853325,-87.000000, 1.456744
no,-22.000000,-25.000000, 0.803205,-85.000000, 1.971863
no,-22.000000,-25.000000, 0.775502,-83.000000, 2.328263
no,-19.000000,-25.000000, 1.100449,-83.000000, 2.137446
no,-19.000000,-25.000000, 1.095909,-83.000000, 2.043788
no,-19.000000,-25.000000, 1.243470,-85.000000, 1.474147
no,-25.000000,-25.000000, 0.000000,-86.000000, 1.316987
no,-25.000000,-25.000000, 0.000000,-82.000000, 1.764438
no,-25.000000,-25.000000, 0.000000,-81.000000, 2.367088
no,-23.000000,-25.000000, 0.362041,-81.000000, 2.362848
no,-23.000000,-25.000000, 0.408710,-81.000000, 2.186187
no,-23.000000,-25.000000, 0.480865,-84.000000, 1.937073
yes,-24.000000,-25.000000, 0.276725,-81.000000, 2.530000
yes,-22.000000,-25.000000, 0.671296,-81.000000, 2.412222
yes,-22.000000,-25.000000, 0.712396,-81.000000, 2.487506
yes,-22.000000,-25.000000, 0.696932,-81.000000, 2.113261
yes,-22.000000,-25.000000, 0.617667,-81.000000, 2.434693
yes,-22.000000,-25.000000, 0.617667,-81.000000, 2.434693
yes,-22.000000,-25.000000, 0.640994,-84.000000, 1.792488
yes,-22.000000,-25.000000, 0.546553,-82.000000, 1.755301
yes,-22.000000,-25.000000, 0.701955,-82.000000, 1.799039
yes,-22.000000,-25.000000, 0.882344,-82.000000, 2.023799
no,-21.000000,-25.000000, 1.146489,-83.000000, 2.069087
no,-21.000000,-25.000000, 1.234349,-84.000000, 2.037105
no,-21.000000,-25.000000, 1.432701,-84.000000, 1.832137
no,-25.000000,-25.000000, 0.000000,-74.000000, 2.190616
no,-22.000000,-25.000000, 0.707107,-80.000000, 2.587047
no,-22.000000,-25.000000, 0.528693,-80.000000, 1.961217
no,-22.000000,-25.000000, 0.466591,-80.000000, 2.114639
no,-24.000000,-25.000000, 0.284029,-80.000000, 1.859791
no,-22.000000,-25.000000, 0.902134,-80.000000, 2.311177
yes,-22.000000,-25.000000, 0.961629,-81.000000, 1.889416
yes,-19.000000,-25.000000, 1.286430,-81.000000, 1.990172
yes,-19.000000,-25.000000, 1.071458,-79.000000, 2.200668
yes,-19.000000,-25.000000, 1.193718,-79.000000, 2.282466
yes,-21.000000,-25.000000, 0.780779,-79.000000, 1.914687
yes,-20.000000,-25.000000, 1.260596,-81.000000, 1.736486
yes,-20.000000,-25.000000, 1.044788,-81.000000, 1.556818
yes,-20.000000,-25.000000, 0.951929,-80.000000, 1.861346
yes,-23.000000,-25.000000, 0.447709,-79.000000, 2.263143
yes,-23.000000,-25.000000, 0.564637,-79.000000, 2.221215
yes,-23.000000,-25.000000, 0.400483,-79.000000, 2.007354
yes,-23.000000,-25.000000, 0.375212,-80.000000, 1.860131
yes,-23.000000,-25.000000, 0.374981,-81.000000, 2.176742
yes,-23.000000,-25.000000, 0.350762,-79.000000, 2.423673
yes,-23.000000,-25.000000, 0.334087,-79.000000, 2.486995
yes,-24.000000,-25.000000, 0.140028,-79.000000, 2.100047
yes,-25.000000,-25.000000, 0.000000,-80.000000, 2.099698
yes,-25.000000,-25.000000, 0.000000,-79.000000, 2.032765
no,-23.000000,-25.000000, 0.326747,-78.000000, 1.963065
no,-21.000000,-25.000000, 0.957910,-78.000000, 2.080215
no,-21.000000,-25.000000, 0.980821,-78.000000, 2.254679
no,-21.000000,-25.000000, 1.001813,-78.000000, 2.145979
no,-23.000000,-25.000000, 0.272166,-78.000000, 1.747615
no,-25.000000,-25.000000, 0.000000,-78.000000, 1.798443
no,-25.000000,-25.000000, 0.000000,-76.000000, 1.950588
no,-25.000000,-25.000000, 0.000000,-76.000000, 2.192645
no,-25.000000,-25.000000, 0.000000,-76.000000, 2.204973
no,-25.000000,-25.000000, 0.000000,-75.000000, 2.839349
no,-25.000000,-25.000000, 0.000000,-75.000000, 2.646236
no,-25.000000,-25.000000, 0.000000,-75.000000, 2.396502
yes,-23.000000,-25.000000, 0.311729,-77.000000, 2.230946
no,-23.000000,-25.000000, 0.311729,-77.000000, 2.200347
yes,-23.000000,-25.000000, 0.311729,-77.000000, 2.395617
no,-25.000000,-25.000000, 0.000000,-84.000000, 1.543487
yes,-25.000000,-25.000000, 0.000000,-80.000000, 2.240763
yes,-25.000000,-25.000000, 0.000000,-80.000000, 2.081666
yes,-25.000000,-25.000000, 0.000000,-76.000000, 3.142215
yes,-25.000000,-25.000000, 0.000000,-76.000000, 2.670954
yes,-25.000000,-25.000000, 0.000000,-76.000000, 2.602639
yes,-25.000000,-25.000000, 0.000000,-75.000000, 2.156320
yes,-25.000000,-25.000000, 0.000000,-75.000000, 2.345509
yes,-25.000000,-25.000000, 0.000000,-75.000000, 2.297163
yes,-25.000000,-25.000000, 0.000000,-77.000000, 2.213412
yes,-25.000000,-25.000000, 0.000000,-79.000000, 1.764056
yes,-25.000000,-25.000000, 0.000000,-79.000000, 1.837477
yes,-25.000000,-25.000000, 0.000000,-78.000000, 2.256600
yes,-25.000000,-25.000000, 0.000000,-77.000000, 2.868264
yes,-25.000000,-25.000000, 0.000000,-77.000000, 2.721119
yes,-25.000000,-25.000000, 0.000000,-77.000000, 2.972955
yes,-25.000000,-25.000000, 0.000000,-77.000000, 2.012461
yes,-25.000000,-25.000000, 0.000000,-77.000000, 1.982721
yes,-25.000000,-25.000000, 0.000000,-77.000000, 2.183823
yes,-25.000000,-25.000000, 0.000000,-78.000000, 2.452797
no,-25.000000,-25.000000, 0.000000,-78.000000, 2.312345
no,-25.000000,-25.000000, 0.000000,-78.000000, 2.186275
no,-25.000000,-25.000000, 0.000000,-78.000000, 2.243284
yes,-25.000000,-25.000000, 0.000000,-78.000000, 2.373321
yes,-25.000000,-25.000000, 0.000000,-78.000000, 2.341241
yes,-25.000000,-25.000000, 0.000000,-79.000000, 2.218223
yes,-25.000000,-25.000000, 0.000000,-75.000000, 2.429079
yes,-25.000000,-25.000000, 0.000000,-75.000000, 2.741750
yes,-25.000000,-25.000000, 0.000000,-75.000000, 2.380476
yes,-25.000000,-25.000000, 0.000000,-77.000000, 2.410996
yes,-25.000000,-25.000000, 0.000000,-77.000000, 2.341107
yes,-25.000000,-25.000000, 0.000000,-75.000000, 2.561944
yes,-25.000000,-25.000000, 0.000000,-75.000000, 2.599014
yes,-25.000000,-25.000000, 0.000000,-75.000000, 2.897499
yes,-25.000000,-25.000000, 0.000000,-77.000000, 3.965202
yes,-25.000000,-25.000000, 0.000000,-74.000000, 4.699460
yes,-25.000000,-25.000000, 0.000000,-73.000000, 4.611357
yes,-25.000000,-25.000000, 0.000000,-73.000000, 3.976485
yes,-25.000000,-25.000000, 0.000000,-73.000000, 3.957218
yes,-25.000000,-25.000000, 0.000000,-76.000000, 3.794315
yes,-25.000000,-25.000000, 0.000000,-77.000000, 3.686526
yes,-25.000000,-25.000000, 0.000000,-76.000000, 3.976017
no,-25.000000,-25.000000, 0.000000,-72.000000, 4.542015
no,-25.000000,-25.000000, 0.000000,-72.000000, 4.758103
no,-25.000000,-25.000000, 0.000000,-72.000000, 4.597346
no,-25.000000,-25.000000, 0.000000,-74.000000, 3.567342
no,-25.000000,-25.000000, 0.000000,-77.000000, 3.175559
no,-25.000000,-25.000000, 0.000000,-74.000000, 3.822228
no,-25.000000,-25.000000, 0.000000,-74.000000, 3.195162
yes,-25.000000,-25.000000, 0.000000,-74.000000, 3.117071
yes,-25.000000,-25.000000, 0.000000,-76.000000, 2.998207
yes,-25.000000,-25.000000, 0.000000,-75.000000, 2.743886
yes,-25.000000,-25.000000, 0.000000,-75.000000, 2.475815
yes,-25.000000,-25.000000, 0.000000,-75.000000, 2.737172
yes,-25.000000,-25.000000, 0.000000,-75.000000, 2.936806
yes,-25.000000,-25.000000, 0.000000,-74.000000, 3.652386
yes,-25.000000,-25.000000, 0.000000,-72.000000, 3.406888
yes,-25.000000,-25.000000, 0.000000,-71.000000, 3.517023
yes,-25.000000,-25.000000, 0.000000,-71.000000, 3.398404
yes,-25.000000,-25.000000, 0.000000,-71.000000, 3.267024
yes,-25.000000,-25.000000, 0.000000,-74.000000, 2.803181
no,-25.000000,-25.000000, 0.000000,-76.000000, 2.963547
yes,-25.000000,-25.000000, 0.000000,-74.000000, 3.402488
yes,-25.000000,-25.000000, 0.000000,-74.000000, 3.392622
yes,-25.000000,-25.000000, 0.000000,-74.000000, 3.116953
yes,-25.000000,-25.000000, 0.000000,-72.000000, 2.845178
yes,-25.000000,-25.000000, 0.000000,-72.000000, 2.790664
yes,-25.000000,-25.000000, 0.000000,-72.000000, 2.713283
yes,-25.000000,-25.000000, 0.000000,-82.000000, 0.000000
yes,-25.000000,-25.000000, 0.000000,-71.000000, 5.108816
yes,-25.000000,-25.000000, 0.000000,-71.000000, 4.653512
yes,-25.000000,-25.000000, 0.000000,-71.000000, 4.132549
yes,-25.000000,-25.000000, 0.000000,-71.000000, 3.863636
yes,-25.000000,-25.000000, 0.000000,-73.000000, 4.163875
yes,-25.000000,-25.000000, 0.000000,-73.000000, 4.858913
no,-25.000000,-25.000000, 0.000000,-76.000000, 3.909064
no,-25.000000,-25.000000, 0.000000,-78.000000, 2.991026
yes,-25.000000,-25.000000, 0.000000,-76.000000, 3.448257
yes,-25.000000,-25.000000, 0.000000,-76.000000, 2.242741
yes,-25.000000,-25.000000, 0.000000,-75.000000, 2.333914
yes,-25.000000,-25.000000, 0.000000,-71.000000, 3.627863
yes,-25.000000,-25.000000, 0.000000,-70.000000, 3.743672
yes,-25.000000,-25.000000, 0.000000,-70.000000, 2.575869
yes,-25.000000,-25.000000, 0.000000,-69.000000, 1.971739
yes,-25.000000,-25.000000, 0.000000,-69.000000, 2.272192
yes,-25.000000,-25.000000, 0.000000,-69.000000, 2.493779
yes,-25.000000,-25.000000, 0.000000,-71.000000, 2.641999
yes,-25.000000,-25.000000, 0.000000,-73.000000, 3.224903
yes,-25.000000,-25.000000, 0.000000,-73.000000, 2.934797
yes,-25.000000,-25.000000, 0.000000,-75.000000, 2.227785
yes,-25.000000,-25.000000, 0.000000,-74.000000, 3.487553
yes,-25.000000,-25.000000, 0.000000,-74.000000, 3.376019
yes,-25.000000,-25.000000, 0.000000,-74.000000, 4.231748
yes,-25.000000,-25.000000, 0.000000,-77.000000, 3.515169
yes,-25.000000,-25.000000, 0.000000,-77.000000, 3.747339
yes,-25.000000,-25.000000, 0.000000,-77.000000, 3.726049
yes,-25.000000,-25.000000, 0.000000,-77.000000, 3.966256
yes,-25.000000,-25.000000, 0.000000,-79.000000, 3.452286
yes,-25.000000,-25.000000, 0.000000,-80.000000, 3.055858
yes,-25.000000,-25.000000, 0.000000,-80.000000, 2.881070
yes,-25.000000,-25.000000, 0.000000,-78.000000, 2.644416
yes,-25.000000,-25.000000, 0.000000,-78.000000, 2.733018
yes,-25.000000,-25.000000, 0.000000,-78.000000, 2.846223
yes,-25.000000,-25.000000, 0.000000,-80.000000, 3.511885
yes,-25.000000,-25.000000, 0.000000,-82.000000, 2.186918
yes,-25.000000,-25.000000, 0.000000,-82.000000, 2.326236
yes,-25.000000,-25.000000, 0.000000,-82.000000, 2.426401
no,-25.000000,-25.000000, 0.000000,-83.000000, 2.405398
no,-25.000000,-25.000000, 0.000000,-83.000000, 2.449934
no,-25.000000,-25.000000, 0.000000,-86.000000, 1.746750
no,-19.000000,-25.000000, 1.682125,-76.000000, 3.391444
no,-20.000000,-25.000000, 1.621287,-81.000000, 2.077086
no,-22.000000,-25.000000, 1.135292,-83.000000, 1.885618
no,-14.000000,-25.000000, 3.949684,-78.000000, 2.845213
yes,-13.000000,-25.000000, 4.486207,-75.000000, 3.765165
yes,-13.000000,-25.000000, 4.142658,-75.000000, 3.696208
yes,-13.000000,-25.000000, 3.662492,-75.000000, 1.940309
no,-13.000000,-25.000000, 3.548576,-75.000000, 1.601064
no,-22.000000,-25.000000, 1.290994,-75.000000, 2.645751
yes,-24.000000,-25.000000, 0.353553,-75.000000, 3.090885
yes,-21.000000,-25.000000, 1.500000,-75.000000, 2.035518
yes,-19.000000,-25.000000, 1.801515,-75.000000, 2.070232
yes,-19.000000,-25.000000, 1.769952,-78.000000, 1.890677
yes,-19.000000,-25.000000, 1.843453,-81.000000, 1.384184
yes,-21.000000,-25.000000, 1.314751,-82.000000, 1.378405
yes,-22.000000,-25.000000, 0.612686,-75.000000, 2.775719
yes,-21.000000,-25.000000, 0.748912,-74.000000, 3.215076
yes,-19.000000,-25.000000, 1.214205,-74.000000, 2.818973
yes,-19.000000,-25.000000, 1.311712,-74.000000, 2.379526
yes,-19.000000,-25.000000, 1.653738,-77.000000, 1.895469
yes,-18.000000,-25.000000, 2.585288,-75.000000, 2.131119
yes,-17.000000,-25.000000, 2.660002,-74.000000, 2.426982
yes,-17.000000,-25.000000, 2.635996,-74.000000, 2.413827
yes,-17.000000,-25.000000, 2.600188,-74.000000, 2.166542
yes,-18.000000,-25.000000, 2.334001,-75.000000, 2.256157
yes,-18.000000,-25.000000, 2.448811,-76.000000, 2.191042
yes,-18.000000,-25.000000, 2.135085,-75.000000, 2.312024
no,-19.000000,-25.000000, 1.581139,-74.000000, 2.455256
no,-20.000000,-25.000000, 0.924034,-74.000000, 1.958638
no,-20.000000,-25.000000, 1.038305,-74.000000, 1.872834
no,-21.000000,-25.000000, 0.970143,-75.000000, 2.014652
no,-24.000000,-25.000000, 0.377964,-75.000000, 1.988060
no,-21.000000,-25.000000, 1.670082,-73.000000, 2.621411
yes,-17.000000,-25.000000, 2.212152,-72.000000, 2.251118
yes,-16.000000,-25.000000, 2.270606,-72.000000, 2.704829
yes,-16.000000,-25.000000, 2.443259,-72.000000, 2.681463
yes,-16.000000,-25.000000, 2.366673,-72.000000, 3.327345
yes,-25.000000,-25.000000, 0.000000,-78.000000, 2.878492
yes,-25.000000,-25.000000, 0.000000,-78.000000, 3.060501
no,-14.000000,-25.000000, 3.454974,-73.000000, 2.048748
no,-14.000000,-25.000000, 3.343478,-73.000000, 2.777081
no,-14.000000,-25.000000, 3.316388,-73.000000, 2.668039
no,-13.000000,-25.000000, 3.703061,-72.000000, 3.217241
no,-13.000000,-25.000000, 3.832648,-72.000000, 3.258537
no,-13.000000,-25.000000, 3.457419,-70.000000, 3.653088
no,-14.000000,-25.000000, 3.267716,-69.000000, 3.708290
no,-14.000000,-25.000000, 3.297325,-69.000000, 2.773623
no,-14.000000,-25.000000, 3.374265,-69.000000, 2.920037
no,-15.000000,-25.000000, 2.956020,-70.000000, 2.858214
yes,-12.000000,-25.000000, 3.143417,-70.000000, 2.772137
yes,-12.000000,-25.000000, 3.285134,-71.000000, 2.651671
yes,-12.000000,-25.000000, 3.345864,-72.000000, 2.576954
yes,-17.000000,-25.000000, 2.449490,-75.000000, 2.114882
yes,-16.000000,-25.000000, 2.368201,-74.000000, 2.562038
yes,-16.000000,-25.000000, 2.345639,-74.000000, 2.672648
yes,-16.000000,-25.000000, 2.270266,-74.000000, 2.554904
yes,-17.000000,-25.000000, 2.355793,-74.000000, 2.341910
yes,-17.000000,-25.000000, 2.358835,-74.000000, 2.096202
no,-17.000000,-25.000000, 2.152887,-74.000000, 2.489980
no,-19.000000,-25.000000, 1.771915,-71.000000, 2.632519
yes,-19.000000,-25.000000, 1.978476,-70.000000, 2.655607
yes,-19.000000,-25.000000, 1.905315,-70.000000, 3.072523
yes,-19.000000,-25.000000, 1.563261,-70.000000, 2.981298
no,-18.000000,-25.000000, 1.574786,-74.000000, 2.431389
no,-18.000000,-25.000000, 1.817912,-75.000000, 2.153982
yes,-18.000000,-25.000000, 1.908847,-74.000000, 1.824207
yes,-21.000000,-25.000000, 1.186676,-74.000000, 2.081452
no,-17.000000,-25.000000, 1.840796,-74.000000, 2.181624
no,-16.000000,-25.000000, 2.738613,-75.000000, 2.245366
no,-14.000000,-25.000000, 3.302788,-74.000000, 2.476314
yes,-14.000000,-25.000000, 3.185110,-74.000000, 2.561914
yes,-13.000000,-24.000000, 3.715870,-74.000000, 2.350668
yes,-13.000000,-25.000000, 3.077809,-76.000000, 2.528654
yes,-13.000000,-25.000000, 3.160269,-76.000000, 2.534054
no,-17.000000,-25.000000, 2.961361,-75.000000, 2.737177
no,-15.000000,-25.000000, 3.195887,-72.000000, 3.676689
no,-12.000000,-25.000000, 3.576248,-71.000000, 3.725731
no,-12.000000,-25.000000, 3.258886,-71.000000, 3.558073
yes,-12.000000,-25.000000, 3.213452,-71.000000, 3.013904
no,-15.000000,-25.000000, 2.642721,-74.000000, 2.650472
yes,-15.000000,-25.000000, 3.263681,-73.000000, 2.780114
yes,-15.000000,-25.000000, 2.954494,-69.000000, 2.644938
yes,-13.000000,-25.000000, 2.854511,-69.000000, 2.509277
yes,-13.000000,-25.000000, 2.720518,-69.000000, 2.643676
yes,-13.000000,-25.000000, 2.759400,-71.000000, 2.455315
yes,-16.000000,-25.000000, 2.609714,-71.000000, 2.918073
yes,-17.000000,-25.000000, 1.615074,-77.000000, 1.691482
yes,-17.000000,-25.000000, 1.265332,-77.000000, 1.519232
no,-17.000000,-25.000000, 1.170063,-77.000000, 2.070348
no,-11.000000,-25.000000, 4.207600,-70.000000, 3.736751
no,-11.000000,-25.000000, 5.019928,-70.000000, 4.761316
no,-11.000000,-25.000000, 3.958406,-70.000000, 3.886607
no,-12.000000,-24.000000, 3.153811,-71.000000, 2.778354
no,-14.000000,-24.000000, 2.939874,-73.000000, 2.709365
no,-25.000000,-25.000000, 0.000000,-81.000000, 1.732051
yes,-25.000000,-25.000000, 0.000000,-81.000000, 1.607787
no,-19.000000,-25.000000, 1.131449,-81.000000, 1.785570
no,-19.000000,-25.000000, 1.489985,-80.000000, 2.106219
no,-19.000000,-25.000000, 1.649623,-80.000000, 2.237148
no,-19.000000,-25.000000, 1.720465,-80.000000, 1.833450
no,-25.000000,-25.000000, 0.000000,-80.000000, 1.581139
no,-22.000000,-25.000000, 0.764229,-80.000000, 1.831195
yes,-22.000000,-25.000000, 0.810432,-80.000000, 1.971818
yes,-22.000000,-25.000000, 0.862498,-80.000000, 2.026351
no,-18.000000,-25.000000, 2.604344,-75.000000, 3.088079
no,-19.000000,-25.000000, 2.880972,-78.000000, 3.834058
no,-21.000000,-25.000000, 1.749459,-80.000000, 1.928652
no,-20.000000,-25.000000, 1.674043,-79.000000, 1.883716
no,-18.000000,-25.000000, 2.001063,-78.000000, 2.273030
no,-18.000000,-25.000000, 2.073507,-78.000000, 2.334112
no,-18.000000,-25.000000, 2.412140,-78.000000, 2.704285
no,-21.000000,-25.000000, 1.152416,-79.000000, 1.756974
no,-20.000000,-25.000000, 1.606643,-77.000000, 2.018641
no,-20.000000,-25.000000, 1.501318,-77.000000, 2.063949
no,-20.000000,-25.000000, 1.461186,-77.000000, 1.872477
no,-22.000000,-25.000000, 0.799390,-77.000000, 2.110947
no,-24.000000,-25.000000, 0.156174,-76.000000, 2.350662
no,-20.000000,-25.000000, 0.972864,-76.000000, 2.285881
no,-20.000000,-25.000000, 0.982761,-76.000000, 2.228412
no,-20.000000,-25.000000, 0.979450,-75.000000, 2.294368
no,-21.000000,-25.000000, 0.555151,-75.000000, 2.283508
no,-24.000000,-25.000000, 0.215540,-75.000000, 2.472144
no,-24.000000,-25.000000, 0.223456,-77.000000, 2.099097
no,-23.000000,-25.000000, 0.328798,-77.000000, 2.028328
no,-23.000000,-25.000000, 0.308607,-77.000000, 1.843468
no,-23.000000,-25.000000, 0.382707,-74.000000, 2.636764
no,-21.000000,-25.000000, 0.976467,-74.000000, 2.584347
no,-21.000000,-25.000000, 1.054093,-74.000000, 2.586902
no,-21.000000,-25.000000, 1.437420,-77.000000, 1.675955
no,-23.000000,-25.000000, 0.436436,-70.000000, 3.389760
no,-21.000000,-25.000000, 1.074653,-70.000000, 3.098190
no,-21.000000,-25.000000, 1.033342,-70.000000, 3.413168
yes,-21.000000,-25.000000, 1.051854,-71.000000, 3.201641
no,-21.000000,-25.000000, 0.731063,-71.000000, 3.530896
no,-25.000000,-25.000000, 0.000000,-71.000000, 2.288689
no,-22.000000,-25.000000, 1.329160,-75.000000, 2.250926
no,-22.000000,-25.000000, 0.884047,-69.000000, 3.691154
no,-22.000000,-25.000000, 0.676736,-69.000000, 4.064694
yes,-22.000000,-25.000000, 0.585540,-69.000000, 4.020039
yes,-22.000000,-25.000000, 0.542627,-71.000000, 3.373449
yes,-21.000000,-25.000000, 1.274044,-71.000000, 3.646519
yes,-21.000000,-25.000000, 1.306779,-71.000000, 3.441883
yes,-21.000000,-25.000000, 1.071884,-71.000000, 2.880526
yes,-21.000000,-25.000000, 0.605763,-70.000000, 3.011231
no,-21.000000,-25.000000, 0.599708,-70.000000, 3.088097
no,-21.000000,-25.000000, 0.727000,-70.000000, 3.420043
no,-15.000000,-25.000000, 2.661453,-73.000000, 3.012197
no,-15.000000,-25.000000, 2.480346,-72.000000, 2.340126
no,-15.000000,-25.000000, 2.112102,-72.000000, 2.288625
no,-22.000000,-25.000000, 0.629393,-72.000000, 2.230227
no,-22.000000,-25.000000, 0.800966,-73.000000, 2.071780
no,-20.000000,-25.000000, 1.118196,-73.000000, 2.340407
no,-20.000000,-25.000000, 1.161370,-73.000000, 2.340523
yes,-20.000000,-25.000000, 1.449320,-72.000000, 2.631464
yes,-18.000000,-25.000000, 2.200000,-72.000000, 2.121320
yes,-18.000000,-25.000000, 2.222660,-72.000000, 2.132818
yes,-18.000000,-25.000000, 2.120985,-72.000000, 2.342473
yes,-21.000000,-25.000000, 0.884087,-71.000000, 2.425914
no,-21.000000,-25.000000, 0.750782,-71.000000, 2.279993
no,-21.000000,-25.000000, 0.901349,-71.000000, 2.517509
no,-21.000000,-25.000000, 0.689319,-71.000000, 2.566361
no,-21.000000,-25.000000, 0.776685,-71.000000, 2.633737
no,-25.000000,-25.000000, 0.000000,-71.000000, 2.388243
yes,-25.000000,-25.000000, 0.000000,-71.000000, 2.676296
yes,-24.000000,-25.000000, 0.154303,-71.000000, 2.798394
yes,-24.000000,-25.000000, 0.166667,-71.000000, 2.980359
yes,-23.000000,-25.000000, 0.398410,-70.000000, 2.144576
yes,-23.000000,-25.000000, 0.378932,-70.000000, 2.412441
yes,-23.000000,-25.000000, 0.360827,-68.000000, 2.757379
yes,-22.000000,-25.000000, 0.543049,-68.000000, 2.728211
no,-19.000000,-25.000000, 1.342214,-68.000000, 2.451557
no,-19.000000,-25.000000, 1.355167,-70.000000, 2.158710
no,-19.000000,-25.000000, 1.526438,-70.000000, 2.132856
no,-21.000000,-25.000000, 0.892915,-69.000000, 2.291831
no,-21.000000,-25.000000, 0.849076,-67.000000, 2.291980
no,-21.000000,-25.000000, 0.732421,-66.000000, 3.004516
no,-23.000000,-25.000000, 0.372425,-66.000000, 3.115299
no,-24.000000,-25.000000, 0.145865,-65.000000, 2.522975
no,-25.000000,-25.000000, 0.000000,-65.000000, 2.242667
no,-25.000000,-25.000000, 0.000000,-65.000000, 2.928638
no,-25.000000,-25.000000, 0.000000,-66.000000, 3.284161
yes,-24.000000,-25.000000, 0.196116,-64.000000, 3.036445
yes,-24.000000,-25.000000, 0.154303,-64.000000, 2.861089
yes,-24.000000,-25.000000, 0.142857,-64.000000, 2.686734
yes,-25.000000,-25.000000, 0.000000,-66.000000, 2.901226
yes,-25.000000,-25.000000, 0.000000,-67.000000, 3.385510
yes,-23.000000,-25.000000, 0.358795,-67.000000, 3.081745
yes,-23.000000,-25.000000, 0.388307,-68.000000, 2.775759
yes,-23.000000,-25.000000, 0.548319,-68.000000, 2.254987
yes,-24.000000,-25.000000, 0.447214,-68.000000, 2.302173
yes,-16.000000,-25.000000, 2.992238,-72.000000, 3.631187
no,-25.000000,-25.000000, 0.000000,-73.000000, 0.000000
no,-25.000000,-25.000000, 0.000000,-67.000000, 2.527939
no,-23.000000,-25.000000, 0.436170,-60.000000, 3.800995
no,-22.000000,-25.000000, 0.557436,-60.000000, 3.473019
yes,-22.000000,-25.000000, 0.585165,-60.000000, 2.330786
yes,-22.000000,-25.000000, 0.515539,-63.000000, 1.403208
yes,-25.000000,-25.000000, 0.000000,-62.000000, 2.659944
yes,-25.000000,-25.000000, 0.000000,-62.000000, 3.512248
yes,-25.000000,-25.000000, 0.000000,-60.000000, 4.004094
yes,-25.000000,-25.000000, 0.000000,-58.000000, 4.435858
yes,-24.000000,-25.000000, 0.219784,-58.000000, 4.235010
yes,-24.000000,-25.000000, 0.249637,-58.000000, 4.093355
yes,-24.000000,-25.000000, 0.252262,-63.000000, 2.373039
yes,-22.000000,-25.000000, 0.447214,-65.000000, 1.887760
yes,-22.000000,-25.000000, 0.409558,-65.000000, 2.066402
yes,-22.000000,-25.000000, 0.476570,-65.000000, 2.479919
yes,-23.000000,-25.000000, 0.381419,-66.000000, 3.009401
yes,-23.000000,-25.000000, 0.489246,-66.000000, 3.002880
yes,-23.000000,-25.000000, 0.527303,-66.000000, 3.545351
yes,-23.000000,-25.000000, 0.457991,-66.000000, 3.200610
yes,-23.000000,-25.000000, 0.345705,-68.000000, 3.217900
yes,-24.000000,-25.000000, 0.188982,-69.000000, 3.083280
yes,-24.000000,-25.000000, 0.282330,-69.000000, 2.926330
no,-24.000000,-25.000000, 0.280306,-68.000000, 1.904047
no,-23.000000,-25.000000, 0.430946,-67.000000, 2.043679
no,-23.000000,-25.000000, 0.389118,-67.000000, 2.729003
yes,-23.000000,-25.000000, 0.471251,-67.000000, 3.096500
yes,-23.000000,-25.000000, 0.349908,-67.000000, 3.484397
yes,-23.000000,-25.000000, 0.349908,-67.000000, 2.603745
yes,-25.000000,-25.000000, 0.000000,-67.000000, 2.410857
yes,-25.000000,-25.000000, 0.000000,-64.000000, 2.772885
no,-25.000000,-25.000000, 0.000000,-64.000000, 2.904716
yes,-25.000000,-25.000000, 0.000000,-64.000000, 2.136863
yes,-25.000000,-25.000000, 0.000000,-62.000000, 2.014089
yes,-25.000000,-25.000000, 0.000000,-62.000000, 1.932257
yes,-25.000000,-25.000000, 0.000000,-62.000000, 1.912538
yes,-25.000000,-25.000000, 0.000000,-62.000000, 1.681446
yes,-25.000000,-25.000000, 0.000000,-62.000000, 2.404744
yes,-24.000000,-25.000000, 0.253708,-62.000000, 2.486978
yes,-24.000000,-25.000000, 0.253708,-62.000000, 2.486978
yes,-24.000000,-25.000000, 0.245935,-63.000000, 3.350493
yes,-25.000000,-25.000000, 0.000000,-68.000000, 2.733572
yes,-25.000000,-25.000000, 0.000000,-67.000000, 2.842724
yes,-25.000000,-25.000000, 0.000000,-66.000000, 2.662055
yes,-25.000000,-25.000000, 0.000000,-62.000000, 2.936250
yes,-22.000000,-25.000000, 0.536862,-60.000000, 3.377558
yes,-22.000000,-25.000000, 0.546948,-60.000000, 2.776210
yes,-22.000000,-25.000000, 0.557436,-60.000000, 2.525072
yes,-24.000000,-25.000000, 0.284885,-62.000000, 2.335713
yes,-7.000000,-13.000000, 1.503668,-47.000000, 2.758193
yes,-8.000000,-13.000000, 1.410760,-47.000000, 3.134972
yes,-8.000000,-13.000000, 1.333772,-50.000000, 2.149051
yes,-9.000000,-13.000000, 1.521278,-46.000000, 1.843909
yes,-8.000000,-13.000000, 1.448767,-43.000000, 1.465004
yes,-8.000000,-13.000000, 1.448767,-43.000000, 1.465004
yes,-8.000000,-13.000000, 1.525799,-43.000000, 1.711389
yes,-12.000000,-13.000000, 0.196116,-45.000000, 4.711524
yes,-12.000000,-13.000000, 0.282057,-45.000000, 4.182803
yes,-12.000000,-13.000000, 0.278718,-45.000000, 3.942346
yes,-12.000000,-13.000000, 0.264351,-44.000000, 3.527074
yes,-12.000000,-14.000000, 0.220863,-44.000000, 3.054005
yes,-13.000000,-14.000000, 0.215540,-44.000000, 3.464102
yes,-13.000000,-14.000000, 0.244623,-47.000000, 2.458070
yes,-13.000000,-14.000000, 0.229184,-47.000000, 2.414881
yes,-13.000000,-14.000000, 0.187256,-46.000000, 2.551228
yes,-13.000000,-14.000000, 0.134840,-44.000000, 3.540340
yes,-13.000000,-13.000000, 0.000000,-44.000000, 3.330441
yes,-13.000000,-13.000000, 0.000000,-44.000000, 3.629996
yes,-13.000000,-14.000000, 0.142857,-46.000000, 3.488806
yes,-13.000000,-14.000000, 0.147442,-46.000000, 3.295510
yes,-13.000000,-14.000000, 0.206185,-49.000000, 2.445641
yes,-13.000000,-14.000000, 0.147442,-49.000000, 3.050699
yes,-12.000000,-14.000000, 0.224867,-49.000000, 3.209229
yes,-12.000000,-13.000000, 0.206185,-49.000000, 3.195407
yes,-12.000000,-13.000000, 0.206185,-49.000000, 2.884659
yes,-13.000000,-13.000000, 0.000000,-47.000000, 2.386860
yes,-13.000000,-13.000000, 0.000000,-47.000000, 2.185210
yes,-13.000000,-13.000000, 0.000000,-47.000000, 1.896363
yes,-13.000000,-13.000000, 0.000000,-48.000000, 1.781961
yes,-13.000000,-14.000000, 0.401918,-48.000000, 4.552092
yes,-13.000000,-14.000000, 0.393750,-51.000000, 3.666465
yes,-13.000000,-14.000000, 0.393750,-51.000000, 3.479572
yes,-12.000000,-14.000000, 0.377964,-51.000000, 3.142767
yes,-12.000000,-14.000000, 0.272166,-52.000000, 2.998015
yes,-12.000000,-14.000000, 0.301511,-52.000000, 2.727493
yes,-12.000000,-14.000000, 0.262613,-51.000000, 2.799453
yes,-12.000000,-14.000000, 0.260378,-51.000000, 2.731401
yes,-12.000000,-14.000000, 0.223607,-51.000000, 2.979605
yes,-12.000000,-13.000000, 0.218085,-48.000000, 3.758243
yes,-12.000000,-14.000000, 0.272746,-48.000000, 3.144876
yes,-12.000000,-14.000000, 0.286711,-47.000000, 3.143417
yes,-12.000000,-14.000000, 0.334039,-47.000000, 3.400731
yes,-12.000000,-14.000000, 0.354152,-47.000000, 3.585753
yes,-12.000000,-14.000000, 0.334039,-47.000000, 3.659636
yes,-12.000000,-14.000000, 0.298142,-47.000000, 3.556613
yes,-12.000000,-13.000000, 0.149071,-47.000000, 2.113688
yes,-13.000000,-13.000000, 0.000000,-46.000000, 2.692489
yes,-10.000000,-14.000000, 0.494962,-46.000000, 2.740785
yes,-10.000000,-14.000000, 0.714826,-46.000000, 3.012373
yes,-9.000000,-14.000000, 1.304308,-46.000000, 2.870158
yes,-8.000000,-13.000000, 1.450932,-46.000000, 2.685014
yes,-8.000000,-13.000000, 1.464247,-46.000000, 2.745919
yes,-8.000000,-14.000000, 1.173903,-41.000000, 4.063449
yes,-10.000000,-14.000000, 0.675468,-41.000000, 4.805520
yes,-9.000000,-14.000000, 1.210127,-41.000000, 4.865972
yes,-9.000000,-13.000000, 1.264464,-43.000000, 4.902323
yes,-8.000000,-13.000000, 1.336665,-43.000000, 4.089373
yes,-8.000000,-13.000000, 1.056486,-46.000000, 3.775519
yes,-8.000000,-13.000000, 1.117808,-46.000000, 3.881190
yes,-9.000000,-14.000000, 1.130560,-46.000000, 3.945991
yes,-9.000000,-14.000000, 1.198875,-53.000000, 2.782456
yes,-9.000000,-14.000000, 1.250000,-53.000000, 2.880249
yes,-7.000000,-13.000000, 2.035401,-48.000000, 0.899735
yes,-7.000000,-13.000000, 1.954078,-48.000000, 3.940011
yes,-7.000000,-13.000000, 1.585188,-48.000000, 3.581917
yes,-8.000000,-13.000000, 1.313579,-49.000000, 2.713229
yes,-8.000000,-13.000000, 1.296731,-49.000000, 2.624498
yes,-8.000000,-13.000000, 1.397575,-49.000000, 2.187150
yes,-11.000000,-13.000000, 0.894427,-52.000000, 2.000000
yes,-9.000000,-13.000000, 1.394035,-51.000000, 2.424184
yes,-8.000000,-13.000000, 1.539710,-51.000000, 3.147550
yes,-7.000000,-13.000000, 1.983762,-51.000000, 3.054866
yes,-7.000000,-13.000000, 2.138801,-48.000000, 3.602353
yes,-7.000000,-13.000000, 2.223016,-48.000000, 2.831232
yes,-7.000000,-13.000000, 2.051828,-48.000000, 2.797022
yes,-7.000000,-13.000000, 1.928528,-50.000000, 2.852742
yes,-7.000000,-13.000000, 1.926923,-50.000000, 2.446802
yes,-7.000000,-13.000000, 1.866974,-51.000000, 2.627269
yes,-7.000000,-13.000000, 1.909675,-54.000000, 2.671825
yes,-7.000000,-13.000000, 1.795828,-51.000000, 3.287018
yes,-7.000000,-14.000000, 2.077967,-50.000000, 3.760029
yes,-7.000000,-14.000000, 1.946836,-50.000000, 3.306969
yes,-7.000000,-14.000000, 1.966778,-50.000000, 3.730394
yes,-6.000000,-14.000000, 1.922070,-52.000000, 3.196586
yes,-6.000000,-14.000000, 1.830588,-52.000000, 2.955184
yes,-6.000000,-15.000000, 2.072169,-52.000000, 3.175636
yes,-8.000000,-15.000000, 1.413587,-53.000000, 2.993788
yes,-10.000000,-15.000000, 0.665168,-56.000000, 2.419647
yes,-13.000000,-14.000000, 0.266747,-55.000000, 2.663981
yes,-10.000000,-14.000000, 0.861945,-54.000000, 2.791930
yes,-10.000000,-25.000000, 3.765217,-54.000000, 4.890240
yes,-10.000000,-25.000000, 4.344748,-54.000000, 4.947064
yes,-13.000000,-25.000000, 3.141260,-57.000000, 4.153686
yes,-10.000000,-25.000000, 3.317682,-57.000000, 3.378777
no,-8.000000,-22.000000, 3.168555,-57.000000, 3.103325
no,-8.000000,-20.000000, 3.243798,-58.000000, 2.941002
no,-8.000000,-20.000000, 3.329357,-59.000000, 2.460769
no,-16.000000,-20.000000, 0.928783,-58.000000, 2.103111
no,-10.000000,-20.000000, 2.876653,-58.000000, 2.770546
no,-9.000000,-20.000000, 3.111407,-58.000000, 2.818930
no,-9.000000,-19.000000, 2.661901,-58.000000, 2.818307
no,-9.000000,-21.000000, 3.232897,-58.000000, 2.779739
no,-10.000000,-21.000000, 2.296242,-57.000000, 2.332993
yes,-10.000000,-21.000000, 2.194072,-57.000000, 2.813720
yes,-10.000000,-19.000000, 2.269377,-57.000000, 3.277689
yes,-10.000000,-22.000000, 2.965544,-58.000000, 3.105540
yes,-10.000000,-22.000000, 2.701776,-58.000000, 2.884795
yes,-10.000000,-22.000000, 2.705546,-58.000000, 2.835399
yes,-13.000000,-20.000000, 1.797533,-60.000000, 2.364075
yes,-13.000000,-20.000000, 1.638899,-60.000000, 2.257462
no,-13.000000,-20.000000, 1.591398,-60.000000, 2.032288
no,-10.000000,-20.000000, 2.586541,-60.000000, 2.202850
no,-8.000000,-19.000000, 2.751399,-61.000000, 2.271218
no,-8.000000,-25.000000, 3.297412,-62.000000, 2.523196
no,-8.000000,-25.000000, 5.988016,-62.000000, 5.730860
no,-12.000000,-25.000000, 3.917850,-62.000000, 5.127338
no,-18.000000,-25.000000, 1.485293,-68.000000, 3.765534
yes,-18.000000,-25.000000, 1.318176,-68.000000, 3.260553
yes,-21.000000,-25.000000, 0.641018,-68.000000, 2.660454
yes,-24.000000,-25.000000, 0.206185,-69.000000, 2.193204
yes,-20.000000,-25.000000, 1.056236,-71.000000, 1.816259
yes,-19.000000,-25.000000, 1.749587,-68.000000, 2.126221
yes,-19.000000,-25.000000, 2.027009,-68.000000, 2.247943
no,-18.000000,-25.000000, 2.278058,-68.000000, 2.243572
no,-15.000000,-25.000000, 2.728796,-69.000000, 2.165145
no,-15.000000,-25.000000, 2.725224,-69.000000, 2.313316
no,-15.000000,-25.000000, 2.918241,-69.000000, 2.662274
no,-18.000000,-25.000000, 2.357864,-68.000000, 3.012320
no,-16.000000,-25.000000, 2.556039,-68.000000, 2.364731
no,-16.000000,-25.000000, 2.554008,-68.000000, 2.406588
no,-16.000000,-25.000000, 2.204832,-71.000000, 2.107190
no,-19.000000,-25.000000, 1.062284,-71.000000, 1.897787
yes,-19.000000,-25.000000, 1.153653,-71.000000, 2.053706
yes,-19.000000,-25.000000, 1.449688,-72.000000, 1.890700
yes,-20.000000,-25.000000, 1.234863,-72.000000, 1.731942
yes,-20.000000,-25.000000, 1.301223,-72.000000, 1.653738
no,-18.000000,-25.000000, 1.998846,-66.000000, 3.350545
yes,-17.000000,-25.000000, 2.366120,-65.000000, 2.212259
yes,-17.000000,-25.000000, 2.414128,-65.000000, 2.767594
yes,-16.000000,-25.000000, 2.904426,-65.000000, 4.097877
yes,-16.000000,-25.000000, 2.910293,-66.000000, 4.204358
yes,-16.000000,-25.000000, 3.038294,-66.000000, 4.219930
no,-21.000000,-25.000000, 1.401647,-74.000000, 1.686599
no,-21.000000,-25.000000, 1.257780,-73.000000, 2.078805
no,-20.000000,-25.000000, 1.271447,-69.000000, 2.376656
no,-20.000000,-25.000000, 1.114308,-69.000000, 1.876076
yes,-20.000000,-25.000000, 0.974156,-69.000000, 2.203985
yes,-12.000000,-25.000000, 4.108148,-65.000000, 3.384295
yes,-12.000000,-25.000000, 4.652649,-65.000000, 3.965126
yes,-12.000000,-25.000000, 3.579156,-65.000000, 2.808406
yes,-12.000000,-25.000000, 3.467537,-65.000000, 2.760367
yes,-14.000000,-25.000000, 3.354905,-67.000000, 2.524952
yes,-10.000000,-23.000000, 3.478284,-67.000000, 1.702487
yes,-10.000000,-24.000000, 3.128249,-65.000000, 2.337759
yes,-10.000000,-24.000000, 3.698221,-65.000000, 2.208356
no,-11.000000,-24.000000, 3.238365,-65.000000, 2.427421
no,-13.000000,-25.000000, 2.711728,-68.000000, 1.914606
yes,-13.000000,-25.000000, 2.861557,-69.000000, 1.870521
yes,-13.000000,-25.000000, 4.018340,-70.000000, 2.566756
yes,-22.000000,-25.000000, 0.966681,-72.000000, 2.606697
no,-22.000000,-25.000000, 0.798852,-72.000000, 2.217628
no,-22.000000,-25.000000, 0.465609,-73.000000, 2.244040
no,-23.000000,-25.000000, 0.299270,-73.000000, 2.160714
yes,-23.000000,-25.000000, 0.368394,-73.000000, 2.493643
yes,-21.000000,-25.000000, 0.934622,-72.000000, 2.467176
yes,-20.000000,-25.000000, 1.611974,-72.000000, 2.199650
yes,-20.000000,-25.000000, 1.554952,-72.000000, 2.046441
no,-20.000000,-25.000000, 1.393690,-71.000000, 2.119255
no,-18.000000,-25.000000, 2.073732,-71.000000, 1.964907
no,-18.000000,-25.000000, 2.322074,-71.000000, 1.973804
no,-16.000000,-25.000000, 2.873101,-68.000000, 2.114392
no,-14.000000,-25.000000, 3.197695,-68.000000, 2.094968
no,-14.000000,-25.000000, 3.360956,-68.000000, 1.985843
yes,-25.000000,-25.000000, 0.000000,-69.000000, 2.696799
no,-25.000000,-25.000000, 0.000000,-64.000000, 3.049414
no,-25.000000,-25.000000, 0.000000,-64.000000, 3.049414
no,-25.000000,-25.000000, 0.000000,-64.000000, 3.049414
no,-25.000000,-25.000000, 0.000000,-64.000000, 3.049414
no,-25.000000,-25.000000, 0.000000,-64.000000, 3.049414
yes,-25.000000,-25.000000, 0.000000,-64.000000, 3.049414
yes,-25.000000,-25.000000, 0.000000,-64.000000, 3.049414
yes,-24.000000,-25.000000, 0.288675,-71.000000, 3.128559
yes,-24.000000,-25.000000, 0.245935,-68.000000, 3.221494
yes,-24.000000,-25.000000, 0.213083,-68.000000, 2.933557
yes,-24.000000,-25.000000, 0.179605,-68.000000, 2.564858
yes,-25.000000,-25.000000, 0.000000,-70.000000, 1.752920
no,-25.000000,-25.000000, 0.000000,-67.000000, 1.625687
yes,-25.000000,-25.000000, 0.000000,-67.000000, 1.625687
yes,-25.000000,-25.000000, 0.000000,-67.000000, 1.625687
no,-25.000000,-25.000000, 0.000000,-64.000000, 3.049414
no,-25.000000,-25.000000, 0.000000,-69.000000, 2.451757
no,-25.000000,-25.000000, 0.000000,-66.000000, 2.750340
no,-25.000000,-25.000000, 0.000000,-66.000000, 3.187732
yes,-25.000000,-25.000000, 0.000000,-66.000000, 3.121775
yes,-25.000000,-25.000000, 0.000000,-71.000000, 2.367148
no,-25.000000,-25.000000, 0.000000,-70.000000, 2.291844
no,-25.000000,-25.000000, 0.000000,-70.000000, 2.053268
no,-25.000000,-25.000000, 0.000000,-70.000000, 2.050499
no,-25.000000,-25.000000, 0.000000,-69.000000, 2.506669
no,-25.000000,-25.000000, 0.000000,-69.000000, 2.524109
no,-25.000000,-25.000000, 0.000000,-67.000000, 2.762359
no,-25.000000,-25.000000, 0.000000,-67.000000, 2.639456
no,-25.000000,-25.000000, 0.000000,-67.000000, 2.780035
no,-25.000000,-25.000000, 0.000000,-69.000000, 2.660658
no,-25.000000,-25.000000, 0.000000,-71.000000, 2.921522
no,-25.000000,-25.000000, 0.000000,-71.000000, 2.971427
no,-25.000000,-25.000000, 0.000000,-72.000000, 2.540686
no,-25.000000,-25.000000, 0.000000,-72.000000, 2.481511
no,-25.000000,-25.000000, 0.000000,-69.000000, 2.227197
no,-25.000000,-25.000000, 0.000000,-69.000000, 2.483353
no,-25.000000,-25.000000, 0.000000,-69.000000, 2.704081
no,-25.000000,-25.000000, 0.000000,-71.000000, 2.205241
no,-25.000000,-25.000000, 0.000000,-70.000000, 1.977440
no,-25.000000,-25.000000, 0.000000,-70.000000, 2.007063
no,-25.000000,-25.000000, 0.000000,-70.000000, 1.890804
no,-25.000000,-25.000000, 0.000000,-68.000000, 2.165145
no,-25.000000,-25.000000, 0.000000,-68.000000, 3.350141
no,-25.000000,-25.000000, 0.000000,-68.000000, 3.813270
no,-25.000000,-25.000000, 0.000000,-67.000000, 3.692745
no,-25.000000,-25.000000, 0.000000,-67.000000, 3.032944
no,-25.000000,-25.000000, 0.000000,-67.000000, 2.924928
no,-25.000000,-25.000000, 0.000000,-68.000000, 2.655928
no,-25.000000,-25.000000, 0.000000,-68.000000, 1.901159
no,-25.000000,-25.000000, 0.000000,-68.000000, 1.765968
no,-25.000000,-25.000000, 0.000000,-69.000000, 2.923265
no,-25.000000,-25.000000, 0.000000,-62.000000, 4.559091
no,-25.000000,-25.000000, 0.000000,-61.000000, 5.354232
no,-25.000000,-25.000000, 0.000000,-61.000000, 2.904263
no,-25.000000,-25.000000, 0.000000,-61.000000, 2.515208
no,-25.000000,-25.000000, 0.000000,-65.000000, 2.097820
no,-25.000000,-25.000000, 0.000000,-64.000000, 2.144642
no,-25.000000,-25.000000, 0.000000,-63.000000, 2.574275
no,-25.000000,-25.000000, 0.000000,-63.000000, 2.523052
no,-25.000000,-25.000000, 0.000000,-63.000000, 1.578956
no,-23.000000,-25.000000, 0.354406,-63.000000, 1.446134
no,-23.000000,-25.000000, 0.402360,-64.000000, 2.677481
no,-22.000000,-25.000000, 0.546948,-64.000000, 4.075003
no,-22.000000,-25.000000, 0.658710,-64.000000, 3.631742
no,-22.000000,-25.000000, 0.663515,-69.000000, 2.099882
yes,-22.000000,-25.000000, 0.612870,-69.000000, 1.788854
yes,-22.000000,-25.000000, 1.090424,-67.000000, 1.684579
yes,-21.000000,-25.000000, 1.185256,-67.000000, 2.568858
yes,-17.000000,-25.000000, 1.981735,-67.000000, 2.927922
yes,-12.000000,-25.000000, 4.461960,-65.000000, 3.194376
yes,-9.000000,-25.000000, 4.823972,-64.000000, 6.301515
yes,-9.000000,-25.000000, 5.331391,-64.000000, 5.907231
yes,-9.000000,-25.000000, 4.343654,-64.000000, 5.212604
yes,-23.000000,-25.000000, 0.444362,-75.000000, 2.078339
no,-21.000000,-25.000000, 0.632341,-77.000000, 1.564761
no,-21.000000,-25.000000, 0.867051,-78.000000, 1.369241
no,-21.000000,-25.000000, 0.920758,-76.000000, 1.329178
no,-20.000000,-25.000000, 1.445998,-74.000000, 2.067058
no,-19.000000,-25.000000, 1.752920,-74.000000, 2.184734
no,-19.000000,-25.000000, 1.872717,-74.000000, 2.417668
no,-18.000000,-25.000000, 1.969806,-74.000000, 2.558672
no,-15.000000,-25.000000, 2.666967,-69.000000, 3.467158
no,-14.000000,-25.000000, 3.655002,-67.000000, 4.331301
no,-14.000000,-25.000000, 3.772447,-66.000000, 4.431653
no,-14.000000,-25.000000, 4.108266,-66.000000, 5.314317
no,-14.000000,-25.000000, 4.015895,-66.000000, 5.611002
no,-19.000000,-25.000000, 1.031078,-70.000000, 2.424307
no,-21.000000,-25.000000, 0.755929,-74.000000, 2.052873
no,-25.000000,-25.000000, 0.000000,-75.000000, 1.945968
no,-18.000000,-25.000000, 1.790095,-70.000000, 2.676343
no,-16.000000,-25.000000, 2.642067,-70.000000, 2.371640
no,-16.000000,-25.000000, 2.693051,-70.000000, 2.526626
no,-15.000000,-25.000000, 2.689808,-69.000000, 2.795172
yes,-15.000000,-25.000000, 3.218933,-69.000000, 2.645514
yes,-15.000000,-25.000000, 3.227880,-69.000000, 2.553606
no,-19.000000,-25.000000, 1.344165,-73.000000, 1.638175
no,-17.000000,-25.000000, 2.106219,-74.000000, 1.711048
no,-17.000000,-25.000000, 2.310379,-75.000000, 2.057026
yes,-17.000000,-25.000000, 2.521938,-73.000000, 2.277128
yes,-17.000000,-25.000000, 2.438950,-73.000000, 2.500653
no,-17.000000,-25.000000, 2.485183,-73.000000, 2.466825
no,-18.000000,-25.000000, 2.095699,-76.000000, 1.610312
no,-20.000000,-25.000000, 1.363400,-75.000000, 1.689928
no,-17.000000,-25.000000, 2.280598,-75.000000, 1.912562
no,-16.000000,-25.000000, 2.762747,-75.000000, 2.113917
no,-16.000000,-25.000000, 2.716553,-75.000000, 2.509811
no,-16.000000,-25.000000, 2.839896,-75.000000, 2.586761
no,-15.000000,-25.000000, 2.910214,-75.000000, 2.848816
no,-15.000000,-25.000000, 2.510338,-77.000000, 2.293824
no,-15.000000,-25.000000, 2.556923,-77.000000, 2.337607
no,-18.000000,-25.000000, 2.128300,-78.000000, 2.628398
no,-18.000000,-25.000000, 2.062580,-78.000000, 2.613470
no,-18.000000,-25.000000, 1.899375,-78.000000, 2.498587
no,-18.000000,-25.000000, 1.919569,-78.000000, 2.037709
no,-18.000000,-25.000000, 1.998870,-78.000000, 2.301068
no,-16.000000,-25.000000, 2.304165,-77.000000, 2.571593
no,-16.000000,-25.000000, 2.416008,-74.000000, 2.585142
no,-16.000000,-25.000000, 2.430745,-74.000000, 2.403527
no,-15.000000,-25.000000, 2.500909,-74.000000, 2.216710
no,-15.000000,-25.000000, 2.527625,-76.000000, 2.138219
no,-15.000000,-25.000000, 2.487165,-76.000000, 1.989465
no,-16.000000,-25.000000, 2.467476,-77.000000, 2.318955
no,-16.000000,-25.000000, 2.463564,-77.000000, 2.320029
no,-16.000000,-25.000000, 2.639809,-77.000000, 2.492939
no,-16.000000,-25.000000, 2.462348,-78.000000, 1.904980
no,-16.000000,-25.000000, 2.402883,-78.000000, 2.434369
no,-19.000000,-25.000000, 2.074589,-78.000000, 2.474829
no,-19.000000,-25.000000, 1.956998,-78.000000, 2.192755
no,-19.000000,-25.000000, 1.860305,-78.000000, 2.132013
no,-17.000000,-25.000000, 2.168258,-77.000000, 2.371416
no,-17.000000,-25.000000, 2.054773,-77.000000, 2.175658
no,-17.000000,-25.000000, 1.734917,-77.000000, 1.687787
no,-19.000000,-25.000000, 1.583460,-79.000000, 1.381476
no,-19.000000,-25.000000, 1.784744,-79.000000, 1.694458
no,-19.000000,-25.000000, 2.127406,-79.000000, 1.959139
no,-19.000000,-25.000000, 1.980514,-80.000000, 1.782393
no,-19.000000,-25.000000, 1.984943,-78.000000, 2.039608
no,-19.000000,-25.000000, 2.000000,-78.000000, 1.984416
no,-19.000000,-25.000000, 2.083406,-78.000000, 2.269840
no,-19.000000,-25.000000, 1.630693,-76.000000, 2.480858
no,-19.000000,-25.000000, 1.662269,-76.000000, 2.281039
no,-19.000000,-25.000000, 1.463166,-76.000000, 1.961792
no,-20.000000,-25.000000, 1.260040,-79.000000, 1.419762
no,-21.000000,-25.000000, 0.981887,-81.000000, 1.598076
no,-19.000000,-25.000000, 1.773306,-82.000000, 1.745323
no,-18.000000,-25.000000, 2.234525,-80.000000, 2.542512
no,-18.000000,-25.000000, 2.409899,-78.000000, 2.666050
no,-18.000000,-25.000000, 2.297978,-78.000000, 2.645870
no,-18.000000,-25.000000, 2.203569,-78.000000, 2.312608
no,-19.000000,-25.000000, 1.842892,-80.000000, 2.112676
no,-19.000000,-25.000000, 1.835738,-80.000000, 2.073659
no,-20.000000,-25.000000, 1.607805,-81.000000, 2.076137
no,-17.000000,-25.000000, 2.152160,-79.000000, 2.466017
no,-17.000000,-25.000000, 2.111242,-79.000000, 2.408260
no,-17.000000,-25.000000, 1.997456,-79.000000, 2.181328
no,-22.000000,-25.000000, 0.786887,-82.000000, 1.744544
no,-16.000000,-25.000000, 1.570648,-74.000000, 2.490468
no,-16.000000,-25.000000, 1.479961,-74.000000, 2.257093
no,-16.000000,-25.000000, 1.515684,-74.000000, 2.080945
no,-23.000000,-25.000000, 0.404304,-80.000000, 1.432006
no,-21.000000,-25.000000, 0.767530,-78.000000, 1.432006
no,-21.000000,-25.000000, 0.657995,-78.000000, 1.854852
no,-21.000000,-25.000000, 0.633125,-78.000000, 2.237331
no,-24.000000,-25.000000, 0.181020,-81.000000, 1.651827
no,-24.000000,-25.000000, 0.129099,-83.000000, 1.338162
no,-22.000000,-25.000000, 0.566484,-81.000000, 1.346265
no,-22.000000,-25.000000, 0.676273,-81.000000, 1.556742
